"Incident ID","Incident Date","State","City Or County","Address","# Victims Killed","# Victims Injured","# Subjects-Suspects Killed","# Subjects-Suspects Injured","# Subjects-Suspects Arrested","Operations","Year","long","lat"
2492253,"December 31, 2022","Alabama","Mobile","200  Dauphin St",1,7,0,1,1,"N/A","2022",-88.0430812,30.6915797
2491656,"December 31, 2022","Arizona","Phoenix","4201 N 19th Ave",0,9,0,0,0,"N/A","2022",-112.09979949495,33.4964558282828
2491054,"December 30, 2022","Tennessee","Memphis","E Brooks Rd",1,3,0,0,0,"N/A","2022",-84.269273,43.539389
2490925,"December 30, 2022","Texas","Humble","4800  Park Square Ln",2,3,0,0,0,"N/A","2022",-95.255304,29.937838
2489614,"December 28, 2022","New York","Bronx","851 E Tremont Ave",1,3,0,0,2,"N/A","2022",-73.8866301,40.8433357
2490150,"December 28, 2022","Texas","Dallas","9500  Scyene Rd",0,6,0,0,0,"N/A","2022",-96.659529,32.763181
2488952,"December 27, 2022","District of Columbia","Washington","2300  Pennsylvania Ave SE",0,4,0,0,0,"N/A","2022",-76.9718408423405,38.87451365
2489345,"December 27, 2022","Ohio","Columbus","900  Bellows Ave",0,5,0,0,0,"N/A","2022",-83.0232722222222,39.9521276666667
2489124,"December 27, 2022","California","Eureka","4000  Crane St",2,2,0,0,1,"N/A","2022",153.0128029,-27.4322096
2488209,"December 26, 2022","Louisiana","New Orleans","2031 St Maurice Ave",2,4,0,0,1,"N/A","2022",-90.0056729591837,29.9685486122449
2487989,"December 24, 2022","Mississippi","Columbus","90  Luxapalila Dr",1,3,0,1,1,"N/A","2022",-88.3984246041208,33.5064492639484
2487517,"December 23, 2022","Kansas","Wichita","900  S Mission Rd",2,2,0,0,2,"N/A","2022",-95.944155,35.615181
2485011,"December 19, 2022","Florida","Lake City","NW Dixie Ave",0,5,0,0,0,"N/A","2022",-94.8309859,33.900142
2484083,"December 18, 2022","California","Santa Ana","2112 S Main St",1,3,0,0,3,"N/A","2022",NA,33.7192214
2483594,"December 18, 2022","Oklahoma","Oklahoma City","311 S Klein Ave",0,4,0,0,0,"N/A","2022",-101.976925102041,35.862930122449
2483489,"December 17, 2022","Georgia","Atlanta","3000 Continental Colony Pkwy SW",2,3,0,0,1,"N/A","2022",-84.4929114611501,33.68359605
2483188,"December 16, 2022","Georgia","Valdosta","611 E Ann St",2,2,0,0,1,"N/A","2022",-83.277577503396,30.8450185215308
2482288,"December 16, 2022","Illinois","Chicago","2150 S Laflin St",2,2,0,0,1,"N/A","2022",-87.6645790945653,41.85293085
2483108,"December 16, 2022","Texas","Dallas","2691 John West Rd",0,5,0,0,0,"N/A","2022",-96.6688691746434,32.80737665
2482711,"December 16, 2022","Tennessee","Memphis","831 Springdale Run Dr",0,5,0,0,0,"N/A","2022",-89.9738161169869,35.1584957576728
2480430,"December 13, 2022","New York","Rochester","Atlantic Ave",1,4,0,0,0,"N/A","2022",-73.9575759,40.6796131
2479678,"December 12, 2022","New York","Bronx","388 E 141st St",0,4,0,0,0,"N/A","2022",-73.9219985,40.8109508
2478664,"December 11, 2022","Illinois","Chicago","3235 N Central Ave",3,1,0,0,1,"N/A","2022",-87.7662371,41.9397485
2478061,"December 9, 2022","Arizona","Phoenix","S 21st",1,3,0,0,0,"N/A","2022",51.3376641,35.7653237
2477622,"December 8, 2022","Michigan","Detroit","1114 Washington Blvd",0,4,0,0,0,"N/A","2022",-83.0502138368474,42.3319996
2477404,"December 8, 2022","Louisiana","New Orleans","4242 Chef Menteur Hwy",0,4,0,0,0,"N/A","2022",-90.0385438,30.0042013
2475554,"December 6, 2022","New York","Bronx","Daly Ave",0,4,0,0,0,"N/A","2022",-75.3602653,40.6137196
2475546,"December 6, 2022","Georgia","Macon","159 Steven Dr",3,1,0,0,0,"N/A","2022",-104.74566275471,38.7588878058535
2474143,"December 4, 2022","Illinois","Zion","1800  Horeb Ave",0,5,0,0,0,"N/A","2022",-87.84912,42.462473
2472924,"December 1, 2022","Texas","San Antonio","4200  S Cibolo St",0,4,0,0,0,"N/A","2022",-98.524117,29.403756
2471298,"November 30, 2022","Louisiana","Lake Charles","510 Broad St",0,8,0,0,0,"N/A","2022",-74.1691408149979,40.74414535
2469354,"November 27, 2022","Florida","Tallahassee","2101 Wahnish Way",1,4,0,0,2,"N/A","2022",-84.2889855446241,30.4209643
2468894,"November 27, 2022","Louisiana","New Orleans","200  Bourbon St",0,5,0,0,1,"N/A","2022",-90.0690148,29.9547495
2468642,"November 26, 2022","Alabama","Mobile","216 Dauphin St",0,4,0,0,2,"N/A","2022",-88.0436422374908,30.69153565
2468745,"November 26, 2022","Georgia","Atlanta","117 17th St NW",2,4,0,0,6,"N/A","2022",-84.3896135959596,33.7912471313131
2468325,"November 26, 2022","Illinois","Chicago","12700  S Halsted St",2,2,0,0,0,"N/A","2022",-87.6418752527656,41.6629291
2468162,"November 25, 2022","Georgia","Atlanta","2700  Gresham Rd",0,0,1,3,0,"N/A","2022",-84.7218446296474,33.7916197514919
2467661,"November 24, 2022","Texas","Houston","1511 Baggett Ln",2,2,0,0,1,"N/A","2022",-95.483876125,29.797783875
2467743,"November 24, 2022","California","Costa Mesa","400  W Bay St",1,4,0,0,1,"N/A","2022",-84.1892447,31.5706301
2466835,"November 23, 2022","Maryland","Temple Hills","2300  Iverson St",0,4,0,0,0,"N/A","2022",-76.959855,38.833277
2466431,"November 23, 2022","Pennsylvania","Philadelphia","1901 N 60th St",0,4,0,0,0,"N/A","2022",-92.106037,46.667055
2465761,"November 22, 2022","Virginia","Chesapeake","1521 Sam's Circle",6,6,1,0,0,"N/A","2022",-76.2483361,36.7736506
2465213,"November 22, 2022","Florida","West Palm Beach","600  Snead Cir",2,2,0,0,1,"N/A","2022",-80.129018,26.687151
2464943,"November 20, 2022","Oklahoma","Hennessey","2372 N 2760 Rd",4,1,0,0,1,"N/A","2022",21.3260776213261,46.1752827
2464272,"November 20, 2022","Texas","Dallas","2000 S Beckley Ave",0,4,0,0,0,"N/A","2022",-96.82272,32.723769
2463465,"November 19, 2022","Colorado","Colorado Springs","3430 N Academy Blvd",5,19,0,0,1,"N/A","2022",-104.758409,38.8810751
2464352,"November 19, 2022","Illinois","Washington Park","Bunkum Rd",1,3,0,0,0,"N/A","2022",-87.1621217,40.9369805
2463882,"November 19, 2022","Mississippi","Philadelphia","560 Line St",1,6,0,0,1,"N/A","2022",-121.413457,36.8508039
2462457,"November 18, 2022","Virginia","Richmond","4275 Laurel Oak Rd",4,0,0,0,1,"N/A","2022",-77.4676935203715,37.39648185
2458727,"November 13, 2022","Pennsylvania","Philadelphia","400  E Wyoming Ave",0,4,0,0,0,"N/A","2022",-75.1181402863299,40.02059955
2458676,"November 13, 2022","North Carolina","Enfield","1662 Green Acres Rd",1,5,0,0,0,"N/A","2022",-77.0876739478624,35.7808379813484
2458863,"November 13, 2022","Nebraska","Omaha","3347 Ames Ave",1,6,0,1,2,"N/A","2022",-113.999735432836,35.26508
2459150,"November 13, 2022","Virginia","Charlottesville","130 Culbreth St",3,2,0,0,1,"N/A","2022",-78.5153212378618,34.9579742467631
2458933,"November 12, 2022","California","Sacramento","4000  May St",0,4,0,0,0,"N/A","2022",153.0165778,-27.4667178
2459005,"November 12, 2022","Texas","Fort Worth","6655 Calgary Ln",0,4,0,0,1,"N/A","2022",-81.680223,28.81722
2459259,"November 12, 2022","California","Indio","Lilac Ct",1,3,0,0,0,"N/A","2022",-93.0130407,45.2721118
2458467,"November 12, 2022","New Jersey","Paterson","50 Block of N Main St",0,4,0,0,0,"N/A","2022",-72.6784555,41.7709216
2459156,"November 12, 2022","Tennessee","Memphis","S Goodlett St",0,4,0,0,0,"N/A","2022",-89.9258583,35.1235751
2458086,"November 11, 2022","New Jersey","Jersey City","Virginia Ave",0,4,0,0,0,"N/A","2022",-77.9607686,39.2490057
2455710,"November 7, 2022","Texas","Mcallen (McAllen)","4700  Jasmine Ave",0,4,0,0,1,"N/A","2022",-98.269985,26.217407
2453865,"November 6, 2022","Illinois","Chicago","311 W Chicago Ave",1,3,0,0,1,"N/A","2022",-87.636238520174,41.89632795
2453892,"November 6, 2022","Illinois","Chicago","5100  S Kolin Ave",0,5,0,0,0,"N/A","2022",-87.732035,41.799749
2454565,"November 6, 2022","California","Tulare","Rd 84",0,5,0,0,0,"N/A","2022",-119.20071,46.2589011
2455484,"November 6, 2022","Florida","Gainesville","500 SW 2nd Ave",0,4,0,0,0,"N/A","2022",-93.429831,44.477008
2454281,"November 5, 2022","New York","Buffalo","30 E Amherst St",0,4,0,0,0,"N/A","2022",-78.8364755114929,42.9406818
2453744,"November 5, 2022","Pennsylvania","Philadelphia","853 E Allegheny Ave",0,9,0,0,0,"N/A","2022",-75.1139840425557,39.9967799
2452673,"November 4, 2022","Florida","Orlando","10145 Myers Dr",4,1,0,1,1,"N/A","2022",-81.240298643573,28.5612079062581
2452798,"November 4, 2022","Maryland","La Plata","3018 Wildflower Dr",4,0,1,0,0,"N/A","2022",-96.877390039212,32.9020719049444
2452501,"November 3, 2022","Illinois","Chicago","3700  W Chicago Ave",0,4,0,0,0,"N/A","2022",-87.718921,41.895518
2451028,"November 2, 2022","Texas","Houston","2930 W Sam Houston Pkwy S",0,4,0,0,0,"N/A","2022",-95.559404645817,29.7337414
2451550,"November 2, 2022","Mississippi","Hattiesburg","W 5th St",2,3,0,0,2,"N/A","2022",-87.3259456,40.6176546
2450360,"November 1, 2022","Colorado","Denver","1400  Verbena St",1,5,0,0,1,"N/A","2022",-104.890445,39.738825
2450917,"November 1, 2022","Maryland","Baltimore","2000  W Pratt St",0,4,0,0,0,"N/A","2022",-76.6486603716599,39.28526225
2449986,"October 31, 2022","Kansas","Kansas City","S 50th St",1,6,0,0,1,"N/A","2022",-96.6512864,40.7990918
2450557,"October 31, 2022","Illinois","East Saint Louis","935 St Louis Ave",2,3,0,0,0,"N/A","2022",-89.6862909115671,38.2151136499454
2449653,"October 31, 2022","Illinois","Chicago","S California Ave",1,13,0,0,0,"N/A","2022",-114.2842539,34.142511
2448898,"October 30, 2022","Tennessee","Memphis","3920 Park Ave",1,3,0,0,2,"N/A","2022",-80.2556943940377,25.713881
2448366,"October 30, 2022","Colorado","Aurora","900  N Geneva St",4,0,0,0,1,"N/A","2022",-104.8688423,39.782531
2448287,"October 30, 2022","Pennsylvania","Philadelphia","601 Spring Garden St",0,6,0,0,0,"N/A","2022",-76.603735,40.162489
2448361,"October 30, 2022","California","Covina","17000  E Bellbrook St",2,2,0,0,3,"N/A","2022",-117.915654036504,34.0981407867405
2448372,"October 30, 2022","South Carolina","Charleston","1900 Hazelwood Dr",0,4,0,0,1,"N/A","2022",-89.2903548030795,48.5406966284861
2448015,"October 29, 2022","Florida","Orlando","8204 Crystal Clear Ln",0,6,0,0,1,"N/A","2022",-81.4003056906939,28.448601342446
2448330,"October 29, 2022","Florida","Tallahassee","2101 W Pensacola St",1,8,0,1,4,"N/A","2022",-84.319677,30.440621
2447980,"October 28, 2022","Ohio","Toledo","Junction Ave",2,2,0,0,0,"N/A","2022",-99.887164,39.0301047
2447379,"October 28, 2022","Pennsylvania","Pittsburgh","3737 Brighton Rd",0,5,0,0,2,"N/A","2022",-83.8767629320857,42.5268067278214
2447217,"October 27, 2022","Oklahoma","Broken Arrow","425 S Hickory Ave",7,0,1,0,0,"N/A","2022",-95.8022068255034,36.0480809328859
2445686,"October 25, 2022","Ohio","Hamilton","700  S 2nd St",2,2,0,0,0,"N/A","2022",-93.2575523667001,44.9789543
2445939,"October 25, 2022","North Carolina","Greensboro","900  Circle Dr",2,4,0,0,0,"N/A","2022",-76.706415,39.2605293
2443879,"October 24, 2022","Missouri","Saint Louis","3125 S Kingshighway Blvd",2,4,1,0,0,"N/A","2022",-90.2709575081647,38.60449855
2443849,"October 24, 2022","Illinois","Chicago","3200  W 30th St",1,3,0,0,0,"N/A","2022",-86.2134055305848,39.8101102
2443627,"October 23, 2022","Texas","Brownsville","1200  W Saint Francis St",0,5,0,0,0,"N/A","2022",-97.517674,25.915749
2443194,"October 23, 2022","Illinois","Chicago","4300  S Kedzie Ave",3,2,0,0,0,"N/A","2022",-87.7046012131093,41.8152372
2443276,"October 23, 2022","Wisconsin","Milwaukee","N 34th St",0,4,0,0,0,"N/A","2022",-112.0091653,33.6397424
2442695,"October 22, 2022","Wisconsin","Milwaukee","W Fond Du Lac",0,6,0,0,0,"N/A","2022",-88.4458033,43.7748763
2443257,"October 22, 2022","North Carolina","Oxford","100  Granville St",0,6,0,0,0,"N/A","2022",-65.301494824258,44.8415794650455
2443287,"October 22, 2022","Georgia","Cordele","1309 16th Ave E",0,4,0,0,1,"N/A","2022",-80.9156823225868,44.5723918674476
2443231,"October 22, 2022","Arizona","Phoenix","6330 W Miami St",1,7,0,0,0,"N/A","2022",-112.197227011216,33.418891
2450590,"October 21, 2022","Mississippi","Cleveland","511 Lee St",1,3,0,0,0,"N/A","2022",-87.6787784,42.0358123
2442632,"October 21, 2022","Louisiana","New Orleans","2200  N Galvez St",1,3,0,0,0,"N/A","2022",-90.056171,29.978688
2444683,"October 21, 2022","Wisconsin","Hartland","700 Mansfield Court",4,0,2,0,0,"N/A","2022",-88.3295249,41.6834384
2442008,"October 21, 2022","Louisiana","Baton Rouge","636 Harding Blvd",0,11,0,0,3,"N/A","2022",-91.191186119614,30.5200980713668
2441540,"October 20, 2022","Ohio","Cleveland","4497 State Rd",0,5,0,0,0,"N/A","2022",-82.362601324047,41.3662695243193
2439423,"October 17, 2022","Virginia","Woodbridge","5297 Mansfield Ct",4,0,0,0,1,"N/A","2022",-77.3667561536493,38.65195195
2438904,"October 16, 2022","Texas","El Paso","8500  Dyer St",1,3,0,0,1,"N/A","2022",-106.435133,31.858978
2438505,"October 16, 2022","Georgia","Atlanta","223 James P Brawley Dr SW",0,4,0,0,0,"N/A","2022",-84.4127985,33.7501309
2439294,"October 16, 2022","California","Lancaster","44236 20th St E",0,4,0,0,2,"N/A","2022",-118.094562852244,34.6882012169018
2438461,"October 16, 2022","Virginia","Harrisonburg","1500  Devon Ln",0,8,0,0,1,"N/A","2022",-78.8768983,38.42170695
2438121,"October 15, 2022","Colorado","Denver","900 Dakin St",1,7,0,0,0,"N/A","2022",-90.1345619,29.9613202
2438154,"October 15, 2022","Massachusetts","Worcester","88 Webster St",0,6,0,0,3,"N/A","2022",-70.2019998,44.0984419
2438723,"October 15, 2022","Mississippi","Itta Bena","N/A",2,7,0,0,0,"N/A","2022",4.92850387614619,51.56687415
2438494,"October 15, 2022","New York","Freeport","Babylon Tpke",0,4,0,0,0,"N/A","2022",-73.570103,40.665356
2438482,"October 15, 2022","Pennsylvania","Pittsburgh","300  Cedar Ave",3,1,0,0,0,"N/A","2022",-71.2165345355018,41.73995445
2437284,"October 14, 2022","Pennsylvania","Philadelphia","Willard St",0,4,0,0,0,"N/A","2022",-71.0296252,42.2434522
2436826,"October 13, 2022","North Carolina","Raleigh","5300  Sahalee Way",5,2,0,1,1,"N/A","2022",-122.0570501,47.6505337
2437177,"October 13, 2022","North Carolina","New Bern","2100  New Bern Ave",0,4,0,0,0,"N/A","2022",-78.6062811525142,35.7792329
2437630,"October 13, 2022","Alabama","Lanett","1912 50th Ave SW",0,6,0,0,0,"N/A","2022",-85.2447869652578,32.8439142596365
2434847,"October 10, 2022","California","Delano","County Line Road",1,3,0,0,0,"N/A","2022",-87.9112682,42.6693762
2434247,"October 9, 2022","South Carolina","Inman","280 Bobo Dr",5,0,0,0,1,"N/A","2022",-82.0744003435829,35.0189215
2434128,"October 9, 2022","Florida","Miami","525 NE 150th St",1,3,0,0,0,"N/A","2022",-80.1889420859948,25.91315665
2439284,"October 9, 2022","Oklahoma","Henryetta","US-75",4,0,0,0,1,"N/A","2022",-95.7030768,38.9719744
2434326,"October 9, 2022","Arkansas","Jacksonville","300 Marshall Rd",1,3,0,0,0,"N/A","2022",-105.168140925417,39.9555762
2433539,"October 9, 2022","Florida","Tampa","908 N Franklin St",1,6,0,0,2,"N/A","2022",-81.4466267,27.5023464
2434062,"October 9, 2022","Texas","Beaumont","2550 I-10 Frontage Rd",0,5,0,0,0,"N/A","2022",-98.0279703594128,29.5630966152649
2433352,"October 8, 2022","California","Berkeley","Durant Ave",1,3,0,0,2,"N/A","2022",-74.143391,40.418558
2440211,"October 8, 2022","Alabama","Hurtsboro","Ross Rd",2,2,0,0,0,"N/A","2022",28.5967224,-20.1891726
2434151,"October 8, 2022","Missouri","Saint Joseph","302 Illinois Ave",0,4,0,0,0,"N/A","2022",-82.4844444036371,40.7482252035962
2432772,"October 7, 2022","Oregon","Portland","SE 92nd Ave",0,4,0,0,0,"N/A","2022",-81.9995199,29.0420706
2432893,"October 7, 2022","Texas","Fort Worth","1200  Jessamine St",4,0,0,0,0,"N/A","2022",-81.05313,33.983455
2431842,"October 6, 2022","Kentucky","Louisville","5000  East Indian Trail",0,4,0,0,0,"N/A","2022",-85.670291,38.181777
2431594,"October 6, 2022","District of Columbia","Washington","1200 North Capitol St NW",1,3,0,0,0,"N/A","2022",-77.00944655,38.906396
2431069,"October 5, 2022","Texas","Baytown","2000  Tri City Beach Rd",4,2,1,0,0,"N/A","2022",-94.943222,29.701248
2428950,"October 2, 2022","Tennessee","Nashville","600  S 7th St",0,4,0,0,0,"N/A","2022",-85.763217130869,38.24920815
2428715,"October 2, 2022","Washington","Seattle","4300  University Way NE",0,4,0,0,0,"N/A","2022",-122.3128326,47.65993
2427999,"October 1, 2022","Pennsylvania","Philadelphia","5000  Frankford Ave",0,4,0,0,0,"N/A","2022",-75.0803202422708,40.0208591
2428678,"October 1, 2022","California","Oakland","988 Apgar St",2,2,0,0,2,"N/A","2022",-122.27730253456,37.82913235
2427775,"September 30, 2022","Oklahoma","Tulsa","4929 N Peoria Ave",1,3,0,0,1,"N/A","2022",-95.9754544237288,36.224550661017
2428456,"September 30, 2022","Mississippi","Marks","1st St",0,5,0,0,0,"N/A","2022",-82.349522,34.768469
2426627,"September 29, 2022","Texas","Mc Gregor","901 S Monroe St",5,0,0,1,1,"N/A","2022",-104.945685892939,39.69996585
2426042,"September 28, 2022","California","Oakland","8251 Fontaine St",1,5,0,0,0,"N/A","2022",-122.154128387703,37.76589555
2425825,"September 28, 2022","Ohio","Columbus","1680 Karl Ct",0,5,0,0,1,"N/A","2022",-82.9738423,40.08539
2425799,"September 28, 2022","Maryland","Baltimore","5500  Bowleys Ln",0,4,0,0,0,"N/A","2022",-76.551481025,39.31921595
2426382,"September 28, 2022","Alabama","Uniontown","100-104 Birch Rd",0,4,0,1,0,"N/A","2022",-87.7710635,42.1305176
2425393,"September 27, 2022","New York","Corona (Queens)","88-01 Atlantic Ave",0,4,0,0,0,"N/A","2022",-73.8792456,40.6795716
2426137,"September 27, 2022","New York","New York (Manhattan)","W 116th St",0,4,0,0,0,"N/A","2022",-73.9560999,40.8047284
2426061,"September 27, 2022","North Carolina","Goldsboro","1200  Olivia Ln",0,4,0,0,0,"N/A","2022",-77.983517,35.370607
2425199,"September 27, 2022","Pennsylvania","Philadelphia","6498 Ridge Ave",1,4,0,0,4,"N/A","2022",-90.293839,38.676404
2425839,"September 27, 2022","Florida","Jacksonville","A Philip Randolph Blvd",0,4,0,0,0,"N/A","2022",-81.643612,30.326047
2423747,"September 25, 2022","Pennsylvania","Harrisburg","2300  Woodlawn St",0,4,0,0,5,"N/A","2022",-80.583868,35.50493
2423338,"September 25, 2022","Indiana","Hammond","6217 Kennedy Ave",1,3,0,0,0,"N/A","2022",-84.4144748538645,39.1843586
2423538,"September 24, 2022","Ohio","Columbus","E 5th Ave",1,3,0,0,0,"N/A","2022",-83.003404,39.987027
2423331,"September 24, 2022","Georgia","Louisville","Forrest Dr",1,3,0,0,0,"N/A","2022",-77.0818694,26.5424546
2424602,"September 23, 2022","California","Castroville","N/A",0,4,0,0,0,"N/A","2022",4.92850387614619,51.56687415
2421430,"September 22, 2022","Illinois","Chicago","E 35th St",0,4,0,0,0,"N/A","2022",-93.265094,44.939563
2420406,"September 20, 2022","New York","Mount Vernon","333 S 8th Ave",0,4,0,0,0,"N/A","2022",-73.8373744,40.9024092
2420637,"September 20, 2022","Michigan","Niles","620 N 6th St",2,3,0,0,0,"N/A","2022",-116.196641408871,43.61865265
2419473,"September 19, 2022","Georgia","Swainsboro","N Coleman St",1,3,0,0,0,"N/A","2022",-112.3141997,40.5415018
2417634,"September 18, 2022","New York","Corona (Queens)","41st Ave",1,3,0,0,1,"N/A","2022",-92.3643812,45.2684853
2417641,"September 18, 2022","Wisconsin","Kenosha","2232 Roosevelt Rd",2,2,0,0,1,"N/A","2022",-87.6608916787149,45.0899315943775
2417863,"September 18, 2022","Nevada","Las Vegas","4800  Holt Ave",0,5,0,0,1,"N/A","2022",-115.06595798921,36.1980581673048
2417696,"September 18, 2022","Michigan","Allendale","10295 48th Ave",0,4,0,0,1,"N/A","2022",-87.8653672563719,42.5234830269847
2417293,"September 17, 2022","Missouri","Blue Springs","US 40",0,5,0,0,0,"N/A","2022",-75.5338705,39.694296
2416762,"September 17, 2022","Minnesota","Minneapolis","Hennepin Ave",0,5,0,0,0,"N/A","2022",-93.432953,44.504894
2416625,"September 16, 2022","Wisconsin","Milwaukee","4100  N 13th St",0,4,0,1,1,"N/A","2022",-87.3980901033282,39.5128651502525
2414276,"September 14, 2022","Wisconsin","Milwaukee","1300  E Hamilton St",0,4,0,0,0,"N/A","2022",-93.4582453508772,37.1311962105263
2415614,"September 14, 2022","Florida","Miami (North Miami)","NW 10th Ave",0,5,0,0,0,"N/A","2022",-76.9156918,17.9496867
2414858,"September 14, 2022","California","Los Angeles","312 E 5th St",0,4,0,0,0,"N/A","2022",-123.06850428526,49.31238405
2414080,"September 13, 2022","Illinois","Chicago","5531 S King Dr",2,7,0,0,0,"N/A","2022",-87.6135708,41.6999405
2415479,"September 13, 2022","California","Oakland","92nd Ave",0,4,0,0,0,"N/A","2022",-87.842519,41.582842
2413596,"September 12, 2022","Oklahoma","Oklahoma City","1400  S Indiana Ave",0,4,0,0,0,"N/A","2022",-87.354687,41.393063
2412198,"September 11, 2022","Michigan","Detroit","13000  E Warren Ave",0,4,0,0,0,"N/A","2022",-82.9667054160115,42.3923502
2412164,"September 11, 2022","New Mexico","Santa Fe","Paseo Feliz",0,5,0,0,2,"N/A","2022",123.8323936,10.2485133
2412289,"September 11, 2022","Michigan","Grand Rapids","N/A",0,4,0,0,0,"N/A","2022",4.92850387614619,51.56687415
2412487,"September 11, 2022","North Carolina","Durham","4400  NC-55",1,3,0,0,0,"N/A","2022",-77.8841264865657,35.2037155408937
2411801,"September 10, 2022","Indiana","Plainfield","2688 E Main St",2,2,0,0,0,"N/A","2022",-82.926687,39.956973
2411871,"September 10, 2022","Kentucky","Lexington","Georgetown Rd",0,4,0,0,0,"N/A","2022",-3.5793782,55.0637477
2411007,"September 9, 2022","New York","Bronx","810 Astor Ave",0,4,0,0,0,"N/A","2022",-73.8633208,40.8592328
2410446,"September 9, 2022","Maryland","Elk Mills","47 Hebron Ct",4,0,1,0,0,"N/A","2022",-75.8362701341859,39.6616828589698
2411901,"September 9, 2022","Minnesota","Minneapolis","328 W Broadway Ave",1,3,0,0,0,"N/A","2022",-98.7805675714286,38.5127697142857
2410704,"September 8, 2022","Minnesota","Minneapolis","626 W Broadway Ave",0,4,0,0,0,"N/A","2022",-93.2875943439597,44.9995401
2410269,"September 8, 2022","California","Los Angeles","4th St",0,4,0,0,0,"N/A","2022",-75.4802281,40.3755142
2408990,"September 7, 2022","Tennessee","Memphis","3100  Lyndale Ave",3,3,0,0,1,"N/A","2022",-93.2874249154642,45.01225645
2406998,"September 5, 2022","Georgia","Hartwell","1541 Anderson Hwy",2,2,0,0,0,"N/A","2022",-82.6240007793429,34.7798793050177
2407734,"September 5, 2022","Missouri","Kansas City","7320 Manchester Ave",2,2,0,0,0,"N/A","2022",-94.4968589183674,38.9915928367347
2407739,"September 5, 2022","Missouri","Saint Louis","4400  Red Bud Ave",1,3,0,0,0,"N/A","2022",-90.226245,38.675125
2406862,"September 5, 2022","Ohio","Cleveland","13902 Euclid Ave",1,10,0,0,0,"N/A","2022",-75.9073949,42.090517
2406852,"September 5, 2022","Pennsylvania","Philadelphia","W Russell St",2,4,0,0,0,"N/A","2022",-89.6089845,40.7010481
2406123,"September 4, 2022","South Carolina","Charleston","King St",0,7,0,0,4,"N/A","2022",-1.4781541,52.9263841
2406597,"September 4, 2022","Minnesota","Saint Paul","951 Case Ave E",3,2,0,0,1,"N/A","2022",-82.0790936111348,41.357623621741
2406108,"September 4, 2022","Virginia","Norfolk","5005 Killam Ave",2,5,0,0,0,"N/A","2022",-76.2978669591837,36.8887207959184
2406656,"September 4, 2022","Florida","Fort Lauderdale (Lauderdale Lakes)","3050 NW 41st St",0,4,0,0,0,"N/A","2022",-80.1836369800795,26.17807455
2406651,"September 4, 2022","Illinois","Chicago","8600  S Kingston Ave",2,2,0,0,0,"N/A","2022",-87.562651825569,41.7389197
2405689,"September 3, 2022","California","Chico","1500  W 5th St",0,5,0,0,1,"N/A","2022",-101.061066048387,39.3978064677419
2405866,"September 3, 2022","Illinois","Yorkville","8400  Immanuel Rd",0,4,0,0,0,"N/A","2022",-88.4541005090565,41.6034120171672
2406042,"September 3, 2022","Alabama","Birmingham","100  3rd Ave W",2,2,0,0,0,"N/A","2022",-80.9444672,44.5501186
2405859,"September 3, 2022","Maryland","Capitol Heights","1428 Ritchie Rd",1,3,0,0,0,"N/A","2022",-76.8553718,38.8693952
2405239,"September 2, 2022","California","Fresno","Effie St",2,2,0,1,0,"N/A","2022",152.9895567,-27.4532713
2405020,"September 2, 2022","Minnesota","Minneapolis","700 W Broadway Ave",0,4,0,0,0,"N/A","2022",-116.4032223,43.6103033
2404930,"September 2, 2022","New York","Brooklyn","223 Russell St",0,4,0,0,0,"N/A","2022",-89.0686726234805,42.44732585
2400998,"August 29, 2022","Missouri","Saint Louis (Jennings)","8800  Cozens Ave",0,4,0,0,0,"N/A","2022",-90.258768,38.726556
2399774,"August 28, 2022","Wisconsin","Clinton","9221 E Little Ln",0,4,0,0,0,"N/A","2022",-88.8633849022174,42.5746798135677
2400434,"August 28, 2022","Oregon","Bend","2650 NE Hwy 20",2,2,1,0,0,"N/A","2022",-121.264405,44.0576887
2399820,"August 28, 2022","New York","Albany","Hamilton St",0,6,0,0,0,"N/A","2022",-80.538688,38.226237
2399670,"August 28, 2022","Colorado","Denver","2731 42nd Ave",1,3,0,0,0,"N/A","2022",-122.500121056161,37.7357514
2399839,"August 28, 2022","California","Los Angeles","2471 Whittier Blvd",0,6,0,0,1,"N/A","2022",-118.214131,34.0337752
2400026,"August 28, 2022","Michigan","Detroit","Wyoming Ave",3,1,0,0,1,"N/A","2022",174.745023,-36.7290787
2400492,"August 28, 2022","Arizona","Phoenix","21636 N 26th Ave",2,5,1,0,0,"N/A","2022",-112.116155236426,33.6829768
2399755,"August 28, 2022","Texas","Houston","8021 Dunlap St",3,2,1,0,0,"N/A","2022",-95.4945292465011,29.6935067225429
2399576,"August 27, 2022","New York","Brooklyn","W 29th St",1,4,0,0,0,"N/A","2022",-93.2893675,44.9500496
2399000,"August 27, 2022","Washington","Spokane","302 W Queen Ave",1,3,0,0,0,"N/A","2022",-117.41548685507,47.7044035348179
2398877,"August 27, 2022","Kentucky","Lexington","207 Legends Ln",0,7,0,0,0,"N/A","2022",-84.4780815870922,38.06526975
2398004,"August 25, 2022","Kentucky","Henderson","804 Clay St",2,2,0,0,1,"N/A","2022",-90.4918764,38.7830022
2397504,"August 25, 2022","Washington","Spokane","701 N Chestnut St",0,4,0,0,0,"N/A","2022",-108.5868993,37.3561701
2398118,"August 25, 2022","Alabama","Birmingham","8th St W",1,3,0,0,0,"N/A","2022",-96.9176611,46.8003955
2396803,"August 24, 2022","Illinois","Chicago","3591 N Milwaukee Ave",0,4,0,0,0,"N/A","2022",-87.7349652451826,41.9461243
2396536,"August 24, 2022","District of Columbia","Washington","27 O Street NW",2,3,0,0,0,"N/A","2022",-77.0103,38.9087
2397033,"August 24, 2022","Wisconsin","Milwaukee","2622 N 22nd St",2,2,1,0,0,"N/A","2022",-87.9397422,43.0665816
2396567,"August 24, 2022","Maryland","Baltimore","Park Heights Ave",1,6,0,0,0,"N/A","2022",-81.6162966,41.4227449
2396124,"August 23, 2022","Pennsylvania","Philadelphia","N 60th St",2,2,0,0,0,"N/A","2022",-87.9860952,43.1317685
2393758,"August 21, 2022","Tennessee","Memphis","I-240",1,3,0,0,0,"N/A","2022",11.3927685,47.2654296
2393474,"August 20, 2022","Delaware","Wilmington","Tatnall St",0,4,0,0,0,"N/A","2022",-81.9692758,33.4789957
2393051,"August 20, 2022","North Carolina","Asheville","11 Grove St",0,4,0,0,0,"N/A","2022",-70.7828416022478,42.200699
2392698,"August 20, 2022","Illinois","Chicago","6200  S Michigan Ave",0,5,0,0,0,"N/A","2022",-85.3542831859604,39.2483215762688
2392494,"August 19, 2022","Illinois","Chicago","3300  W Flournoy St",1,4,0,0,0,"N/A","2022",-87.708486,41.872834
2391779,"August 19, 2022","Illinois","Chicago","5200  S Green St",0,4,0,0,0,"N/A","2022",-87.646854119573,41.79962485
2391353,"August 18, 2022","Virginia","Norfolk","7433 Fenner St",3,2,0,0,0,"N/A","2022",-76.2551633016576,36.9095551
2390519,"August 17, 2022","Illinois","Chicago","7321 S Union Ave",0,4,0,0,0,"N/A","2022",-87.641573323997,41.76093395
2391042,"August 17, 2022","Pennsylvania","Philadelphia","2800  Bonsal St",0,4,0,0,3,"N/A","2022",-76.5457215,39.2889345
2398608,"August 16, 2022","Michigan","Paw Paw","126 E Michigan Ave",0,4,0,0,1,"N/A","2022",-98.9154102857143,34.0340819591837
2389775,"August 16, 2022","Pennsylvania","Philadelphia","5700 Haverford Ave",0,5,0,0,3,"N/A","2022",-86.136311,39.85708
2388884,"August 16, 2022","Tennessee","Memphis","Austin Peay Hwy",0,6,0,0,0,"N/A","2022",-86.3539503,36.5684634
2386954,"August 14, 2022","Arizona","Phoenix","4601 E Granada Rd",1,4,0,0,0,"N/A","2022",-111.981926533427,33.4680125
2386871,"August 14, 2022","Illinois","Chicago","1800  W 78th St",1,4,0,0,0,"N/A","2022",-96.0128708120805,36.0509916241611
2386878,"August 14, 2022","Maryland","Baltimore","5100  Harford Rd",1,3,0,0,0,"N/A","2022",-76.5980805,39.3143433
2388144,"August 13, 2022","Ohio","Cleveland","7500  Bessemer Ave",1,4,0,0,0,"N/A","2022",-81.6362764163307,41.4678905684301
2386032,"August 13, 2022","North Carolina","Raleigh","2414 Paula St",0,6,0,0,0,"N/A","2022",-78.6248152810054,35.8141822
2387010,"August 13, 2022","Georgia","Atlanta (College Park)","5420 Riverdale Rd",1,4,0,0,0,"N/A","2022",-76.92089115,38.9592098
2386151,"August 13, 2022","Washington","Renton","1501 Orcas Ave",0,4,0,0,0,"N/A","2022",-118.368693,34.271836
2385789,"August 12, 2022","Pennsylvania","Philadelphia","5300  Charles St",1,3,0,0,0,"N/A","2022",-75.072198,40.020385
2385846,"August 12, 2022","Missouri","Saint Louis","5166 Dr Martin Luther King Dr",1,3,0,0,0,"N/A","2022",-82.3988815,27.9814053265306
2383958,"August 10, 2022","Mississippi","Winona","613 Powell St",1,3,0,0,0,"N/A","2022",-78.3640371722699,35.5315911063938
2382827,"August 8, 2022","Virginia","Richmond","3100 Carolina Ave",0,4,0,0,0,"N/A","2022",-77.4202487668616,37.57355045
2380747,"August 7, 2022","Ohio","Cincinnati","1323 Main St",0,8,0,1,2,"N/A","2022",-71.9204974300696,42.24397265
2381371,"August 7, 2022","Pennsylvania","Pittsburgh","1700  Brighton Pl",1,3,0,0,5,"N/A","2022",-80.0173064688059,40.4586691001902
2381321,"August 7, 2022","Georgia","Atlanta","477 Windsor St SW",2,4,0,0,0,"N/A","2022",-84.3979654,33.7420738
2381000,"August 7, 2022","Alabama","Birmingham","800  2nd Ave N",1,4,0,0,1,"N/A","2022",-122.352279104869,47.62653585
2380361,"August 6, 2022","Michigan","Detroit","Saratoga St",1,4,0,0,1,"N/A","2022",-96.1575579,41.3034294
2380869,"August 6, 2022","Michigan","Detroit","19000  Andover St",1,6,0,0,0,"N/A","2022",-112.0308216,41.2210402
2380783,"August 6, 2022","Pennsylvania","Duquesne","Orchard Park Ave",0,4,0,0,0,"N/A","2022",-81.798848,41.462683
2379316,"August 5, 2022","Virginia","Norfolk","216 E Plume St",0,4,0,0,1,"N/A","2022",-76.2907773216139,36.8471140958951
2379499,"August 5, 2022","Ohio","Dayton","7120 Hardwicke Pl",4,0,0,0,1,"N/A","2022",-84.2160930367593,39.8498113893561
2380017,"August 5, 2022","Wisconsin","Milwaukee","N 91st St",0,4,0,0,0,"N/A","2022",-111.6351004,33.418138
2378851,"August 4, 2022","Tennessee","Nashville","371 Hickory Trace Dr",1,3,0,0,1,"N/A","2022",-86.7168054593219,36.0481256679253
2379020,"August 4, 2022","Nebraska","Laurel","503 Elm St",4,0,0,0,1,"N/A","2022",-98.54553945,28.459759
2377855,"August 3, 2022","California","Panorama City","Parthenia St",1,4,0,0,1,"N/A","2022",-118.4680204,34.2282857
2377529,"August 3, 2022","Florida","Miami","10000 SW 173rd Terrace",0,5,0,0,0,"N/A","2022",-80.3525524,25.6079903
2376380,"August 2, 2022","New York","Albany","Central Ave",0,5,0,0,0,"N/A","2022",-73.9266436,40.6979465
2377338,"August 2, 2022","Florida","Orlando","9873 Lake District Ln",4,0,1,0,0,"N/A","2022",-81.2372372536261,28.4232119267682
2376028,"August 1, 2022","Ohio","Columbus","176 Rumsey Rd",2,3,0,0,0,"N/A","2022",-73.884667413667,40.9233754
2375725,"August 1, 2022","California","Paramount","13801 Paramount Blvd",1,3,0,0,0,"N/A","2022",-118.1596573,33.850898
2375886,"August 1, 2022","District of Columbia","Washington","444 16th St NE",1,5,0,0,0,"N/A","2022",-96.921433244898,41.9906441734694
2374750,"July 31, 2022","Indiana","South Bend","St Joseph St",0,4,0,0,0,"N/A","2022",-90.5527821,37.9247688
2374430,"July 31, 2022","Florida","Orlando","Wall St",0,7,0,0,0,"N/A","2022",-74.0116693,40.7077426
2374401,"July 31, 2022","Indiana","Indianapolis","Broad Ripple Ave",0,4,0,0,1,"N/A","2022",-86.1416348,39.8697554
2374337,"July 31, 2022","Michigan","Detroit","11637 Coyle St",2,6,0,0,1,"N/A","2022",-71.455048,41.700434
2374990,"July 31, 2022","Illinois","Decatur","2874 N Dinneen St",1,3,0,0,0,"N/A","2022",-77.4551562,37.5615701
2375097,"July 31, 2022","Connecticut","Hartford","1994 Main St",0,4,0,0,0,"N/A","2022",-71.8991215744257,42.36762555
2373924,"July 30, 2022","Louisiana","Monroe","2000 Peach St",1,3,0,0,0,"N/A","2022",-76.309431,36.82364
2373692,"July 30, 2022","Illinois","Wheeling","800  Fletcher Dr",0,5,0,0,0,"N/A","2022",-84.2901762261449,34.3362663994286
2373859,"July 30, 2022","Georgia","Girard","232 Claxton Rd",1,4,0,0,2,"N/A","2022",-82.625032,31.889315
2373050,"July 29, 2022","Maryland","Baltimore","3100  W North Ave",2,2,0,0,0,"N/A","2022",-87.9531078,43.0615383
2373646,"July 29, 2022","New Mexico","Albuquerque","4303 Estancia Dr NW",1,4,0,0,0,"N/A","2022",-106.709064497354,35.1312699829821
2373607,"July 29, 2022","Ohio","Cleveland","E 154th St",1,3,0,0,0,"N/A","2022",-81.574079,41.558123
2373111,"July 29, 2022","Florida","Miami","10875 SW 216th St",0,4,0,0,0,"N/A","2022",-80.3673231,25.5678311
2370760,"July 27, 2022","Georgia","Macon","624 Forest Hill Rd",2,2,0,0,2,"N/A","2022",-87.8360185529941,42.228481
2371416,"July 27, 2022","Louisiana","Hahnville","300  Sycamore St",1,3,0,0,0,"N/A","2022",-70.9871989769058,42.14815675
2369720,"July 25, 2022","Louisiana","New Orleans","2000  Saint Andrew St",0,4,0,0,0,"N/A","2022",120.6800963,15.0455345
2368110,"July 24, 2022","South Carolina","Bennettsville","614 Hwy 15-401 Bypass E",1,3,0,0,6,"N/A","2022",NA,NA
2368575,"July 24, 2022","California","San Pedro","560 N Western Ave",2,6,0,0,4,"N/A","2022",-120.449117717172,34.9583358484849
2368029,"July 24, 2022","Georgia","Atlanta","1695 Northside Dr NW",0,8,0,0,0,"N/A","2022",-84.407379894278,33.80102775
2368308,"July 24, 2022","Texas","Fort Worth","2350 S Riverside Dr",1,3,0,0,0,"N/A","2022",-97.3045570888098,32.71886115
2367984,"July 23, 2022","Virginia","Richmond","2220 Broad Rock Blvd",0,5,0,0,0,"N/A","2022",-77.4765173259894,37.48635755
2367664,"July 23, 2022","Texas","El Paso","14100  Honey Point Dr",0,4,0,0,3,"N/A","2022",-106.232494,31.789114
2367289,"July 23, 2022","North Carolina","Pinebluff","212 Primrose Path",1,4,0,0,1,"N/A","2022",-72.7623824768212,40.8933768940397
2367193,"July 23, 2022","Washington","Renton","100  Logan Ave S",1,6,0,0,0,"N/A","2022",-122.208918324718,47.48268095
2368018,"July 23, 2022","Illinois","Chicago","5400  S Paulina St",0,4,0,0,0,"N/A","2022",-87.6673205,41.7957005
2367176,"July 23, 2022","Illinois","Chicago","2700  W Jackson Blvd",0,4,0,0,0,"N/A","2022",-87.693947,41.877542
2367157,"July 23, 2022","Illinois","Rockford","1401 N 2nd St",2,2,0,0,4,"N/A","2022",-90.1840981,41.8601182
2367972,"July 23, 2022","Michigan","Kalamazoo","1300  N Church St",0,9,0,0,0,"N/A","2022",-90.142791,32.190315
2366273,"July 21, 2022","California","Los Angeles","210 W 7th St",0,5,0,0,0,"N/A","2022",-92.3869062,36.3346632
2363589,"July 19, 2022","Nebraska","Lincoln","2835 T St",0,4,0,0,0,"N/A","2022",-96.6805024040404,40.8190556565657
2362912,"July 18, 2022","Georgia","Atlanta","440 Thomasvillle Blvd",0,5,0,0,0,"N/A","2022",NA,NA
2362595,"July 17, 2022","Washington","Mount Vernon","2301 Freeway Dr",0,5,0,0,3,"N/A","2022",-122.3457482,48.4416282
2362141,"July 17, 2022","New York","Brooklyn","265 Livonia Ave",0,4,0,0,1,"N/A","2022",-73.9083028255095,40.66315315
2361849,"July 17, 2022","Michigan","Detroit","N/A",0,4,0,0,0,"N/A","2022",4.92850387614619,51.56687415
2362011,"July 17, 2022","Indiana","Greenwood","1251 US Hwy 31 N",3,2,1,0,0,"N/A","2022",-86.157348,39.9775456
2362215,"July 17, 2022","Indiana","Beech Grove","1100 S 9th Ave",1,3,0,0,0,"N/A","2022",-120.518734,46.585128
2361609,"July 17, 2022","Michigan","Grand Rapids","77 Cesar E Chavez Ave SW",0,4,0,0,0,"N/A","2022",-85.6735928979592,42.9612353673469
2361654,"July 17, 2022","Georgia","Milledgeville","Leo Ct",0,5,0,0,0,"N/A","2022",15.0873017,37.5163346
2362282,"July 17, 2022","New Jersey","Newark","751 Broadway",0,4,0,0,0,"N/A","2022",-71.0472453874016,42.41575665
2362562,"July 17, 2022","Washington","Vancouver","E 11th St",2,2,0,0,0,"N/A","2022",-86.0832442,39.7825266
2361532,"July 16, 2022","District of Columbia","Washington","200  Adams St NE",1,3,0,0,0,"N/A","2022",-95.9131339519535,40.8424368103161
2360953,"July 16, 2022","Ohio","Columbus","3475 Sullivant Ave",2,2,0,0,0,"N/A","2022",-83.0917211568783,39.9427068885698
2361097,"July 16, 2022","South Carolina","North Charleston","8440 Dorchester Rd",0,4,0,0,0,"N/A","2022",-79.1145364957649,43.0558642807768
2361614,"July 16, 2022","Texas","Houston","2331 Bammelwood Dr",4,0,0,0,1,"N/A","2022",-95.4610907,30.0027976
2362355,"July 16, 2022","Louisiana","Monroe","2200  Adams St",0,5,0,0,0,"N/A","2022",-94.6125121747605,39.0576496
2361490,"July 16, 2022","Pennsylvania","Philadelphia","1300  E Luzerne St",0,4,0,0,0,"N/A","2022",-75.1027088384494,40.00746265
2359843,"July 14, 2022","Illinois","Chicago","4400  W Maypole St",0,4,0,0,0,"N/A","2022",-8.5750545,41.1111351
2359229,"July 14, 2022","Pennsylvania","Philadelphia","1901 Spring Garden St",0,4,0,0,0,"N/A","2022",-117.351148,34.000375
2358938,"July 13, 2022","Pennsylvania","Philadelphia","Wyalusing Ave",0,4,0,0,0,"N/A","2022",-75.211862,39.971503
2358861,"July 13, 2022","Indiana","Indianapolis","3629 Merrick Way",1,3,0,0,0,"N/A","2022",-86.2156606,39.8221097
2358856,"July 13, 2022","Minnesota","Minneapolis","1818 Lowry Ave N",0,4,0,0,0,"N/A","2022",-93.3028652,45.01349355
2358329,"July 12, 2022","Massachusetts","Boston","39 Warren St",0,4,0,0,0,"N/A","2022",-71.1909648570772,42.37493555
2358053,"July 11, 2022","Mississippi","Jackson","Fairway St",0,4,0,0,1,"N/A","2022",153.0094585,-27.3251652
2356705,"July 10, 2022","Illinois","Crest Hill","1828 Knapp Dr",1,4,0,0,0,"N/A","2022",-117.245970463222,33.22731228679
2356327,"July 10, 2022","Missouri","Kansas City","4128 Broadway Blvd",1,5,0,0,1,"N/A","2022",-96.6040723475502,32.8639323697765
2355580,"July 10, 2022","California","Downey","8100  Leeds St",3,2,0,0,0,"N/A","2022",-118.150158151515,33.9245087474747
2355398,"July 10, 2022","New York","Brooklyn","The Boardwalk",0,5,0,0,0,"N/A","2022",-4.1617566,55.751768
2356813,"July 10, 2022","Texas","Alvin","1500  County Road 149",1,3,0,0,0,"N/A","2022",-76.864303,42.564932
2355438,"July 10, 2022","Illinois","Chicago","448 N State St",0,4,0,0,0,"N/A","2022",-82.930078696506,40.1370459788871
2355962,"July 9, 2022","Alabama","Jacksons Gap","Manoy Dr",0,4,0,0,1,"N/A","2022",-85.796489,32.885437
2354111,"July 8, 2022","North Carolina","Greensboro","1200  Fairview St",0,4,0,0,0,"N/A","2022",-95.393167344086,29.7481596344086
2354825,"July 8, 2022","Michigan","Detroit","3400  2nd Ave",0,4,0,0,0,"N/A","2022",-117.8687087,33.5966829
2353847,"July 7, 2022","Illinois","Chicago","2800  W Polk St",0,4,0,0,0,"N/A","2022",-112.119928,33.4529088375
2352780,"July 6, 2022","Florida","Tampa","Courtland St N",0,4,0,0,1,"N/A","2022",-118.461319,34.0036778
2352444,"July 6, 2022","Illinois","Chicago","1820 W Maypole Ave",0,4,0,0,0,"N/A","2022",-87.6727145295551,41.88436335
2352349,"July 6, 2022","Minnesota","Saint Cloud","Sixth Ave S",0,4,0,0,3,"N/A","2022",147.4219473,-38.1911525
2352342,"July 5, 2022","Ohio","Steubenville","601 South St",0,4,0,0,1,"N/A","2022",-71.123798547125,42.29243275
2349853,"July 5, 2022","Indiana","Gary","1900  Missouri St",3,7,0,0,0,"N/A","2022",-91.1724427573173,30.4304733279483
2349723,"July 5, 2022","New York","Rochester","485 N Clinton Ave",1,3,0,0,2,"N/A","2022",-77.6113166041448,43.16675375
2348384,"July 4, 2022","Illinois","Highland Park","Central Ave",7,30,0,0,0,"N/A","2022",-73.9266436,40.6979465
2348163,"July 4, 2022","Massachusetts","Boston","Dorchester Ave",0,4,0,0,0,"N/A","2022",-71.060306,42.299756
2350033,"July 4, 2022","Minnesota","Minneapolis","724 Sibley St NE",0,7,0,0,0,"N/A","2022",-93.2694172653188,44.9935667504297
2349746,"July 4, 2022","Wisconsin","Kenosha","6321 25th Ave",1,4,0,0,0,"N/A","2022",-85.1807246042966,32.8191383673557
2348230,"July 4, 2022","California","Sacramento","1525 L St",1,4,0,0,0,"N/A","2022",-121.4865354,38.5761836
2348750,"July 4, 2022","Missouri","Kansas City","E 13th St",0,4,0,0,0,"N/A","2022",139.7234728,35.6645114
2349545,"July 4, 2022","Colorado","Denver","2100  W Pacific Pl",1,3,0,0,0,"N/A","2022",-105.012726414087,39.6795540558153
2349758,"July 4, 2022","New York","Corona (Queens)","171st St",0,4,0,0,0,"N/A","2022",-73.7887698,40.7075899
2348204,"July 4, 2022","Illinois","Chicago","6500  S Martin Luther King Dr",0,5,0,0,0,"N/A","2022",-87.6155902404459,41.7742868550097
2348167,"July 4, 2022","Virginia","Richmond","10  W Broad St",0,6,0,0,0,"N/A","2022",-75.9703351,40.7971116
2348191,"July 3, 2022","Virginia","Manassas","8129 Sudley Rd",0,4,0,0,0,"N/A","2022",-77.5089366401383,38.77954945
2347373,"July 3, 2022","South Carolina","Mullins","Leroy Bethea St",0,4,0,0,0,"N/A","2022",-79.2721669,34.1993537
2348303,"July 3, 2022","Arizona","Surprise","W Carlin Dr",2,4,1,0,0,"N/A","2022",-112.3714062,33.6483251
2348263,"July 3, 2022","Washington","Tacoma","3300  S Asotin St",0,4,0,0,1,"N/A","2022",-122.457144,47.22979
2347060,"July 2, 2022","Texas","Haltom City","5700  Diamond Oaks Dr N",2,4,1,0,0,"N/A","2022",-97.2615736086979,32.825689912661
2347228,"July 2, 2022","New York","Corona (Queens)","129-09 89th Ave",1,3,0,0,0,"N/A","2022",-73.8218753897036,40.69978
2347297,"July 2, 2022","North Carolina","Clinton","506 Stetson St",0,6,0,0,2,"N/A","2022",-81.3859407533851,28.5687524327283
2346422,"July 1, 2022","Illinois","Chicago","3800  W Monroe St",0,4,0,0,0,"N/A","2022",-93.356763,37.202153
2346406,"July 1, 2022","Mississippi","Greenwood","Johnson St",1,7,0,0,0,"N/A","2022",-101.750645,37.5705661
2345410,"July 1, 2022","Illinois","Chicago","408 S Wells St",2,3,0,0,0,"N/A","2022",-87.633868,41.8765959
2345144,"June 30, 2022","Kentucky","Allen","49 N Railroad St",3,5,0,0,1,"N/A","2022",-99.082482,40.6952522857143
2344954,"June 30, 2022","New Jersey","Newark","291 Clinton Pl",0,9,0,0,1,"N/A","2022",-73.9879313524531,40.2985972967952
2344008,"June 29, 2022","New Jersey","Jersey City","166 Bayview Ave",0,4,0,0,0,"N/A","2022",-79.4633480144234,44.2198220614163
2344201,"June 29, 2022","Pennsylvania","Philadelphia","1100  E Price St",0,4,0,0,0,"N/A","2022",-99.485394,27.520536
2341725,"June 27, 2022","North Carolina","Charlotte","2000  Holly St",0,5,0,0,0,"N/A","2022",151.2012691,-33.7827032
2340458,"June 26, 2022","Georgia","Blakely","N Church St",1,6,0,0,3,"N/A","2022",-90.1502592,32.2049101
2340720,"June 26, 2022","Virginia","Sutherlin","1220 Kerns Church Rd",1,7,0,0,0,"N/A","2022",-79.2393636798497,36.643279184207
2340685,"June 26, 2022","New Jersey","Paterson","Madison St",0,5,0,0,0,"N/A","2022",-73.9883975,40.7127898
2340473,"June 26, 2022","Texas","San Antonio","3805 Blanco Rd",1,3,0,0,0,"N/A","2022",-98.507943,29.4814031818182
2340696,"June 26, 2022","Texas","Winona","18005 FM 2767",0,5,0,0,0,"N/A","2022",-95.1011730844256,32.3812352633024
2340409,"June 26, 2022","Washington","Tacoma","5415 S Tacoma Way",0,8,0,0,0,"N/A","2022",-122.4836822,47.1944835
2340297,"June 25, 2022","New York","Brooklyn","690 Quincy St",0,4,0,0,0,"N/A","2022",-73.9325959,40.6889103
2339761,"June 25, 2022","Texas","Houston","4207 Madden St",2,2,0,0,0,"N/A","2022",153.0439995,-27.4259934
2340347,"June 25, 2022","Minnesota","Minneapolis","SE Main St",0,4,0,0,0,"N/A","2022",-122.564429800433,45.5142636
2339866,"June 24, 2022","Virginia","Hopewell","Elm St",2,2,0,0,0,"N/A","2022",-75.344984,40.1208026
2338874,"June 24, 2022","Pennsylvania","Philadelphia","S Bucknell St",2,2,0,0,0,"N/A","2022",-75.183127,39.937295
2338902,"June 23, 2022","Illinois","Chicago","7900  S Lafayette Ave",1,3,0,0,0,"N/A","2022",-87.625927,41.750799
2335052,"June 20, 2022","New York","New York (Manhattan)","5th Ave",1,8,0,0,0,"N/A","2022",-73.9352668,40.816039
2335872,"June 20, 2022","New York","Staten Island","Taft Ave",0,5,0,0,0,"N/A","2022",121.001448472543,14.5375746
2334920,"June 19, 2022","District of Columbia","Washington","14th St NW",1,3,0,0,1,"N/A","2022",-96.7207381,46.8848022
2334936,"June 19, 2022","Michigan","Detroit","18501 Healy St",1,3,0,0,0,"N/A","2022",-83.0553431984277,42.4287732147566
2334374,"June 19, 2022","Michigan","Grand Rapids","Griggs St SE",0,4,0,0,0,"N/A","2022",-85.660432,42.931107
2334512,"June 19, 2022","Florida","Miami","US-1",0,5,0,0,0,"N/A","2022",-80.1195389,NA
2334620,"June 19, 2022","South Carolina","Walterboro","1109 Rivers St",2,2,0,0,1,"N/A","2022",-96.4105705454546,30.1737463636364
2333675,"June 18, 2022","Florida","Pensacola","15 E Intendencia St",0,5,0,0,3,"N/A","2022",-87.2140662,30.4103344
2334359,"June 18, 2022","Texas","San Antonio","2500  Patron Dr",2,5,0,0,0,"N/A","2022",-98.546873,29.338349
2334096,"June 17, 2022","Maryland","Baltimore","1800  W Lafayette Ave",0,4,0,0,0,"N/A","2022",-76.6464228935523,39.29894185
2333667,"June 17, 2022","Illinois","Chicago","3000  S Rhodes Ave",0,5,0,0,0,"N/A","2022",-87.6105583,41.7237877
2333154,"June 16, 2022","California","Oakland","316 14th St",1,4,0,0,0,"N/A","2022",-85.9313035208053,30.2483859
2328374,"June 12, 2022","California","Los Angeles","3300  E 14th St",3,4,0,0,0,"N/A","2022",-122.22434,37.777039
2328532,"June 12, 2022","Michigan","Roseville","27000  Kelly St",0,4,0,0,0,"N/A","2022",-117.009664,33.9455879
2328265,"June 12, 2022","Indiana","Gary","1700 Grant St",2,4,0,0,0,"N/A","2022",-122.2758797,37.8755216
2328215,"June 12, 2022","Indiana","Indianapolis","9200  Sussex Ter",0,4,0,1,0,"N/A","2022",-86.005486,39.799074
2328117,"June 12, 2022","Louisiana","New Orleans","3940 Tulane Ave",0,4,0,0,0,"N/A","2022",-90.1038814356612,29.96756195
2328342,"June 12, 2022","Colorado","Denver","4600  Colorado Ave",2,4,0,0,0,"N/A","2022",-120.834853,37.534805
2360288,"June 11, 2022","New Mexico","Alamogordo","N/A",0,4,0,1,1,"N/A","2022",4.92850387614619,51.56687415
2327598,"June 11, 2022","Michigan","Detroit","13500  Cloverlawn Ave",0,4,0,0,0,"N/A","2022",-81.3547263,28.5196112
2327645,"June 11, 2022","Illinois","Chicago","8600  S Damen Ave",1,4,0,0,0,"N/A","2022",-87.6731924970672,41.73751815
2328482,"June 11, 2022","Georgia","Atlanta (College Park)","6500  Woodford Rd",0,7,0,0,0,"N/A","2022",-84.501691,33.568343
2328108,"June 11, 2022","Tennessee","Antioch","660 Bell Rd",2,2,0,0,6,"N/A","2022",-77.1172975,43.003452
2327991,"June 11, 2022","Kentucky","Louisville","1101 River Rd",0,6,0,0,2,"N/A","2022",175.2571861,-37.743736
2327247,"June 10, 2022","Georgia","Decatur","2801 Candler Rd",1,3,0,0,0,"N/A","2022",-84.2722267893963,33.7081186135123
2325498,"June 9, 2022","Maryland","Smithsburg","12912 Bikle Rd",3,2,0,1,1,"N/A","2022",-77.5640992971009,39.6693451989138
2325328,"June 8, 2022","Arizona","Yuma","1500  S 4th Ave",0,4,0,0,0,"N/A","2022",-120.51093,46.577869
2323642,"June 7, 2022","Virginia","Portsmouth","1628 Maple Ave",4,0,0,0,0,"N/A","2022",-76.3109054,36.82607635
2324475,"June 7, 2022","Illinois","Chicago","1223 S Lawndale Ave",0,4,0,0,0,"N/A","2022",-87.717523318408,41.86550185
2324435,"June 7, 2022","Maryland","Baltimore","5500  Plainfield Ave",2,2,0,0,0,"N/A","2022",-76.5452761761254,39.335914
2324496,"June 7, 2022","Illinois","Chicago","13000  S Champlain Ave",0,4,0,0,0,"N/A","2022",-87.6098864,41.8119483
2321772,"June 5, 2022","Michigan","Saginaw","300  S 11th St",3,1,0,1,1,"N/A","2022",-110.0305105,34.2469515
2321440,"June 5, 2022","Arizona","Mesa","1457 W Southern Ave",2,2,0,0,3,"N/A","2022",-111.861554,33.3927847
2321532,"June 5, 2022","Tennessee","Chattanooga","2125 McCallie Ave",2,11,0,1,3,"N/A","2022",-85.2714523549238,35.0347964478013
2321693,"June 5, 2022","Michigan","Grand Rapids","Pearl St NW",1,3,0,0,1,"N/A","2022",26.6530909,-26.9401053
2322804,"June 5, 2022","South Carolina","Andrews","3000  County Line Road",0,5,0,0,0,"N/A","2022",-62.7234331613656,46.099942892297
2321193,"June 4, 2022","Michigan","Ecorse","3800  W Jefferson Ave",0,4,0,0,0,"N/A","2022",-82.9845296,39.9647446
2321500,"June 4, 2022","Georgia","Macon","300 Block of Jones Ave",2,2,0,0,0,"N/A","2022",NA,NA
2320673,"June 4, 2022","Texas","El Paso (Socorro)","10851 Thunder Rd",0,5,0,0,0,"N/A","2022",-87.7720625599547,44.2278233990108
2321266,"June 4, 2022","Pennsylvania","Philadelphia","200  South St",2,10,1,1,4,"N/A","2022",-112.5955541,37.3147868
2320618,"June 4, 2022","Arizona","Phoenix","N 10th Ave",1,8,0,0,0,"N/A","2022",-104.6949676,40.4349908
2321593,"June 4, 2022","South Carolina","Summerton","4193 St Paul Rd",1,7,0,0,6,"N/A","2022",-86.2262566442953,37.5672095100671
2321698,"June 4, 2022","New York","Hempstead","77 Terrace Ave",1,3,0,0,0,"N/A","2022",-73.6977450208152,40.72560595
2320361,"June 3, 2022","Virginia","Chester","10960  Stepney Rd",1,5,0,0,0,"N/A","2022",-77.4315438404708,37.37496165
2320862,"June 3, 2022","Nebraska","Omaha","2931 T St",1,3,0,0,0,"N/A","2022",-96.6795971919192,40.8190546868687
2319567,"June 2, 2022","Texas","Centerville","1696 TX-7 W",5,0,1,0,0,"N/A","2022",-94.0448002,31.9581772
2318310,"June 1, 2022","Oklahoma","Tulsa","6161 S Yale Ave",4,0,1,0,0,"N/A","2022",-95.920328,36.0746844
2318046,"May 31, 2022","Texas","Waco","1900  Preston St",0,4,0,0,2,"N/A","2022",-79.139685,37.399311
2316616,"May 30, 2022","Michigan","Benton Harbor","999 Pipestone St",1,6,0,0,1,"N/A","2022",-86.437719,42.099765
2315903,"May 30, 2022","Pennsylvania","Philadelphia","N Delaware Ave",2,2,0,0,0,"N/A","2022",-99.495231,34.877613
2317016,"May 30, 2022","South Carolina","Charleston","America St",0,9,0,0,1,"N/A","2022",-101.7935648,37.5691072
2315150,"May 29, 2022","Oklahoma","Taft","104 Elm St",1,7,0,0,3,"N/A","2022",-71.1561091007831,42.36635285
2315361,"May 29, 2022","Nevada","Henderson","I-11",0,7,0,1,3,"N/A","2022",NA,NA
2315892,"May 29, 2022","Illinois","Chicago","4400  W Walton St",1,3,0,1,0,"N/A","2022",-87.736188,41.898017
2316364,"May 29, 2022","Texas","Houston","11654 Walnut Dale Ct",0,4,0,0,0,"N/A","2022",-95.4625,29.9029473189008
2315605,"May 29, 2022","Arizona","Phoenix","N 58th St",1,5,0,0,1,"N/A","2022",-87.983605,43.1454814
2315074,"May 29, 2022","Illinois","Chicago","800  S Karlov Ave",0,5,0,0,0,"N/A","2022",-87.7280603117865,41.8707884
2314991,"May 28, 2022","Tennessee","Chattanooga","100  Cherry St",0,6,0,0,2,"N/A","2022",-73.9955452,40.7104323
2315338,"May 28, 2022","California","Fresno","2233 N 1st St",1,3,0,0,0,"N/A","2022",-97.6959658461538,26.2138015384615
2315417,"May 28, 2022","Florida","Malabar","2500  Billie Ln",0,4,0,0,0,"N/A","2022",-80.585688,27.983301
2315190,"May 28, 2022","Colorado","Colorado Springs","3800  E Pikes Pike Ave",1,3,0,0,0,"N/A","2022",NA,NA
2315333,"May 28, 2022","California","Merced","2600  Cowden Ave",1,3,0,0,0,"N/A","2022",-120.533556,37.325992
2314951,"May 28, 2022","Tennessee","Memphis","Chelsea Ave",0,4,0,0,0,"N/A","2022",-81.5639507,28.2229892
2313988,"May 27, 2022","Alabama","Anniston","1204 Front St",0,6,0,0,0,"N/A","2022",-82.2685124028675,27.94257855
2313970,"May 27, 2022","Michigan","Stanwood","10711 185th Ave",4,0,0,1,1,"N/A","2022",-93.7755251705506,45.4142687528038
2312678,"May 25, 2022","Pennsylvania","Philadelphia","3500  Fairmount Ave",0,4,0,0,0,"N/A","2022",-75.193627,39.966077
2310278,"May 24, 2022","Texas","Uvalde","715 Old Carrizo Rd",21,17,1,0,0,"N/A","2022",-99.7890016209146,29.1988371
2309711,"May 23, 2022","South Carolina","North Charleston","7550 Dorchester Rd",0,5,0,0,0,"N/A","2022",-80.0788318,32.9035369
2311123,"May 23, 2022","Ohio","Cleveland","1032 Hartley Rd",0,5,0,0,0,"N/A","2022",-78.9255397,44.5110288833333
2308096,"May 21, 2022","Indiana","Goshen","1204 Rosemare Ct",1,3,1,0,0,"N/A","2022",-85.811659,41.549318
2308395,"May 21, 2022","Washington","Tacoma","S Yakima Ave",0,4,0,0,1,"N/A","2022",-122.4433503,47.219875
2308017,"May 20, 2022","California","Highland","3606 Highland Ave",1,8,0,0,2,"N/A","2022",-63.6108695695313,44.6672572
2307631,"May 20, 2022","Florida","Kissimmee","2331 Old Dixie Hwy",1,3,0,0,0,"N/A","2022",-80.0664539856733,26.7810872320917
2307813,"May 20, 2022","Louisiana","New Orleans","St. Claude Ave",1,3,0,0,0,"N/A","2022",-90.06272,29.9681772
2307044,"May 19, 2022","Illinois","Chicago","800  N State St",2,7,0,0,3,"N/A","2022",-87.6281533,41.8966529
2306277,"May 18, 2022","Pennsylvania","Philadelphia","1500  Bouvier St",0,5,0,0,1,"N/A","2022",-75.164185,39.976709
2305208,"May 17, 2022","California","Palo Alto (East Palo Alto)","2500  Fordham St",1,3,0,0,0,"N/A","2022",-122.137028,37.473785
2302847,"May 15, 2022","California","Laguna Woods","24301 El Toro Rd",1,5,0,0,1,"N/A","2022",-117.733387848855,33.6093659
2303130,"May 15, 2022","North Carolina","Winston Salem (Winston-salem)","2000  25th St",0,7,0,0,0,"N/A","2022",28.0175681,-26.2009824
2304029,"May 15, 2022","North Carolina","Elizabeth City","901 S Martin Luther King Jr Dr",0,4,0,0,0,"N/A","2022",-88.9495517978135,39.8320140668946
2302740,"May 15, 2022","Texas","Houston","8729 Airline Dr",2,3,0,0,0,"N/A","2022",-90.1140474285714,29.9713584285714
2303337,"May 15, 2022","Texas","Amarillo","1003 N Fillmore St",1,4,0,0,0,"N/A","2022",-92.3367435512059,34.7603527291641
2301751,"May 14, 2022","New York","Buffalo","1275 Jefferson Ave",10,3,0,0,1,"N/A","2022",-78.8526221555657,42.90985275
2354757,"May 13, 2022","Louisiana","Napoleonville","N/A",0,5,0,0,1,"N/A","2022",4.92850387614619,51.56687415
2301494,"May 13, 2022","Wisconsin","Milwaukee","Water St",0,11,0,5,11,"N/A","2022",-78.138064,40.5714575
2300713,"May 12, 2022","Arkansas","Hot Springs National Park (Hot Springs)","134 Convention Blvd",1,3,0,1,1,"N/A","2022",-93.0501343296933,34.5102556255423
2299660,"May 11, 2022","Illinois","Chicago","6800  S Ashland Ave",0,4,0,0,0,"N/A","2022",-87.6643299905318,41.76992425
2299126,"May 11, 2022","Indiana","Indianapolis","701 Canal Walk",0,5,0,0,2,"N/A","2022",-7.94818722575804,53.41800325
2299793,"May 11, 2022","Missouri","Saint Louis","5000  N Kingshighway Blvd",1,3,0,0,0,"N/A","2022",-90.2432986785267,38.6873659828877
2300830,"May 11, 2022","New Jersey","Paterson","36 Essex St",1,4,0,0,0,"N/A","2022",-72.432441,41.3826091
2298872,"May 10, 2022","Maryland","Baltimore","2800  Boarman Ave",0,5,0,0,1,"N/A","2022",-76.667863705625,39.3380494
2298836,"May 10, 2022","Illinois","Chicago","4800  S Ada St",1,4,0,0,1,"N/A","2022",-87.658951,41.806737
2299407,"May 10, 2022","Illinois","Chicago","6400  S Richards Dr",0,6,0,0,0,"N/A","2022",-87.579897,41.779063
2298519,"May 10, 2022","Pennsylvania","Philadelphia","Allegheny Ave",0,4,0,0,0,"N/A","2022",-82.929168,39.980979
2298591,"May 10, 2022","Maryland","Baltimore","700  N Rose St",1,3,0,0,0,"N/A","2022",-117.905511747554,33.8445848
2299176,"May 10, 2022","Texas","Brookshire","Purdy",1,3,0,0,0,"N/A","2022",-93.92076,36.8172863
2297823,"May 9, 2022","Michigan","Detroit","12600  McCoy Cir",0,4,0,0,2,"N/A","2022",-82.971303,42.391244
2298092,"May 9, 2022","Alabama","Tuscaloosa","4420 21st St",0,5,0,0,1,"N/A","2022",-87.5962159183673,33.1941764489796
2297261,"May 8, 2022","Georgia","Clarkston","6500  Old Hampton Dr",3,3,0,0,2,"N/A","2022",-80.28407,26.632506
2296191,"May 7, 2022","Kentucky","Lexington","1560 LaSalle Rd",2,3,0,0,0,"N/A","2022",-83.3990830605755,41.9610148763345
2296224,"May 7, 2022","Florida","Miami","NW 37th St",0,4,0,0,0,"N/A","2022",-82.3783038,29.6842756
2296808,"May 7, 2022","Texas","Garland","800  Magnolia Dr",2,2,0,0,1,"N/A","2022",-89.695502,39.681519
2296037,"May 6, 2022","Louisiana","New Orleans","4800  Alcee Fortier Blvd",2,4,0,0,1,"N/A","2022",-89.912745,30.038829
2296064,"May 5, 2022","Washington","Sunnyside","613 S 6th St",0,5,0,0,1,"N/A","2022",-82.4947197120636,39.9632832591496
2294515,"May 3, 2022","Kansas","Cowley (county)","N/A",0,4,0,0,0,"N/A","2022",4.92850387614619,51.56687415
2293603,"May 3, 2022","Louisiana","Baton Rouge","2100  North 39th St",0,5,0,0,0,"N/A","2022",-91.151296,30.467316
2294477,"May 3, 2022","Texas","Beaumont","3580 S Martin Luther King Jr Pkwy",0,5,0,0,0,"N/A","2022",-94.0767250654988,30.0487594480107
2291712,"May 1, 2022","Louisiana","Lafayette","500 Jefferson St",0,11,0,1,0,"N/A","2022",-74.0368759,40.7435707
2291578,"May 1, 2022","Ohio","Springfield","Clifton Ave",1,4,0,0,0,"N/A","2022",-84.860592,38.207835
2292452,"May 1, 2022","Florida","Tarpon Springs","Safford Ave",0,6,0,0,0,"N/A","2022",-83.052808,39.943649
2292613,"May 1, 2022","South Carolina","North Charleston","US-52",1,3,0,0,0,"N/A","2022",-93.4020572,45.0829237
2291618,"April 30, 2022","Georgia","Atlanta","445 Cleveland Ave SE",0,4,1,0,0,"N/A","2022",-84.3775706005581,33.68012055
2291470,"April 30, 2022","Mississippi","Jackson","1207 Mississippi Street",0,5,1,0,2,"N/A","2022",-82.1105910934852,28.0262831
2291185,"April 29, 2022","Tennessee","Jackson","310 North Pkwy",2,2,0,0,1,"N/A","2022",-87.9430321830169,42.1050659882049
2290903,"April 29, 2022","Louisiana","New Orleans","3201 Magazine St",0,6,0,0,1,"N/A","2022",-90.0866108,29.9240397
2291534,"April 29, 2022","Mississippi","Laurel","Ferrell St",0,4,0,0,1,"N/A","2022",-94.3960638,32.552949
2290026,"April 28, 2022","Alabama","Bessemer","1800  Berkley Ave",1,3,0,0,0,"N/A","2022",-104.627494,38.237994
2288928,"April 27, 2022","Illinois","Chicago","4400  W Jackson Blvd",0,4,0,0,0,"N/A","2022",-77.5050625,18.0271774
2288842,"April 27, 2022","Mississippi","Biloxi","2688 Beach Blvd",4,0,0,0,0,"N/A","2022",-88.9963965258016,30.39013575
2289610,"April 27, 2022","Texas","San Antonio","3399 Wurzbach Rd",0,5,0,0,0,"N/A","2022",-98.624407,29.469577
2289308,"April 27, 2022","Louisiana","Opelousas","700  Mia St",2,3,0,0,3,"N/A","2022",145.1122842,-37.9454621
2289382,"April 27, 2022","Arizona","Phoenix","6719 W Thomas Rd",0,4,0,0,1,"N/A","2022",-112.203779272727,33.4802605454545
2287581,"April 25, 2022","Alabama","Birmingham","821 3rd Ave W",1,3,0,0,0,"N/A","2022",-80.9469096122449,44.5638852367347
2286363,"April 24, 2022","South Carolina","Myrtle Beach","12th Ave N",1,3,0,0,1,"N/A","2022",-86.277664,33.602888
2286061,"April 24, 2022","Indiana","Lafayette","2905 Westchester Ln W",2,3,0,1,1,"N/A","2022",-86.9156716,40.386444
2285772,"April 23, 2022","Illinois","Chicago","2000  W 51st St",2,2,0,0,0,"N/A","2022",-87.67470005,41.8014196
2285612,"April 23, 2022","North Carolina","Rocky Mount","1171 Jefferies Rd",0,4,0,0,1,"N/A","2022",-81.4035147,42.9556595
2285860,"April 23, 2022","Georgia","Atlanta","135 Andrew Young International Blvd NW",0,5,0,0,0,"N/A","2022",NA,NA
2286089,"April 23, 2022","California","San Bernardino","1036 W Highland Ave",1,4,0,0,0,"N/A","2022",-98.6144887177516,31.9037671800703
2285158,"April 22, 2022","Virginia","Petersburg","200  Holly Hill Dr",1,5,0,0,0,"N/A","2022",-81.797241,31.191229
2284819,"April 22, 2022","District of Columbia","Washington","2900  Van Ness St NW",0,4,1,0,0,"N/A","2022",-77.0596030251468,38.9427211
2285242,"April 22, 2022","Ohio","Cincinnati","Kemper Ln",0,4,0,0,0,"N/A","2022",-84.609078,37.681406
2285267,"April 21, 2022","Arkansas","Mountain View","646 Northcutt Rd",4,0,0,0,1,"N/A","2022",-84.4577350458282,34.721901053131
2283535,"April 20, 2022","Minnesota","Duluth","715 E 12th St",4,0,1,0,0,"N/A","2022",-99.3201572749166,38.8699701
2281171,"April 17, 2022","Pennsylvania","Philadelphia","2800  Orkney St",0,4,0,0,0,"N/A","2022",-75.139427,39.993742
2281541,"April 17, 2022","Oregon","Portland","16150 SE Stark St",1,3,0,0,0,"N/A","2022",-122.4969614,45.5188218
2280875,"April 17, 2022","South Carolina","Furman","72 Ashley Circle Rd",0,9,0,0,0,"N/A","2022",-81.189812,32.690754
2281164,"April 17, 2022","California","Sacramento","7200  Franklin Blvd",1,3,0,0,1,"N/A","2022",-81.7347487871765,41.4811672
2281483,"April 17, 2022","Florida","Miami","15020 South River Dr",1,3,0,0,0,"N/A","2022",-80.2217939673575,25.9122592
2280711,"April 17, 2022","Pennsylvania","Pittsburgh","900B Madison Ave",2,9,0,0,0,"N/A","2022",-80.5964386,40.6180084
2282256,"April 17, 2022","Louisiana","Baldwin","Rosebud Rd",0,5,0,0,0,"N/A","2022",-75.045651,40.194291
2280204,"April 16, 2022","South Carolina","Columbia","100 Columbiana Cir",0,9,0,0,3,"N/A","2022",-81.1576905021528,34.0788506
2280495,"April 16, 2022","Maryland","Baltimore","5300  Maple Ave",1,3,0,0,0,"N/A","2022",-76.6776830135619,39.35124235
2281244,"April 16, 2022","Nevada","North Las Vegas","4900  Support St",0,4,0,0,0,"N/A","2022",-78.9538338,35.1417731
2281410,"April 16, 2022","Texas","Daingerfield","FM 144",1,6,0,0,0,"N/A","2022",-94.8149347,33.0380417
2280017,"April 16, 2022","New York","Syracuse","300  S Clinton St",1,4,0,0,1,"N/A","2022",-104.878201935568,39.7078902
2280504,"April 15, 2022","California","Stockton","300  Coventry Dr",2,2,0,0,0,"N/A","2022",-81.2734573108163,41.6927133197002
2276339,"April 12, 2022","New York","Brooklyn","36th St",0,10,0,0,1,"N/A","2022",-74.003549,40.655144
2277011,"April 12, 2022","New York","Bronx","2825 Olinville Ave",1,3,0,0,0,"N/A","2022",-73.8686171750035,40.86720345
2275242,"April 10, 2022","Louisiana","Baton Rouge","2700  Lorraine St",0,4,0,0,0,"N/A","2022",-91.16334,30.496601
2274790,"April 10, 2022","Iowa","Cedar Rapids","415 3rd St SE",3,9,0,0,2,"N/A","2022",-94.1438633763896,42.6116134426545
2274803,"April 10, 2022","Illinois","Elgin","958 Congdon Ave",2,4,0,0,0,"N/A","2022",-88.2550186456917,42.0568918661423
2275283,"April 10, 2022","California","Willowbrook","Blakley Ave",2,5,0,0,0,"N/A","2022",-79.4808917,43.6715589
2274783,"April 10, 2022","Indiana","Indianapolis","4270 W 38th St",1,5,0,0,0,"N/A","2022",-86.2330933572917,39.8254557
2274296,"April 9, 2022","Florida","Miami","6816 NW 15th Ave",0,4,0,0,0,"N/A","2022",-80.2233018262877,25.8364108
2274855,"April 9, 2022","District of Columbia","Washington","O St SW",0,4,0,0,2,"N/A","2022",-77.0167203,38.8729771
2272394,"April 6, 2022","Pennsylvania","Philadelphia","Griscom St",0,4,1,0,0,"N/A","2022",-75.0799403,40.022236
2270747,"April 4, 2022","Kentucky","Covington","Russell St",0,4,0,0,1,"N/A","2022",-83.0025678,39.9756464
2270578,"April 4, 2022","Connecticut","Hartford","Bedford St",1,3,0,0,0,"N/A","2022",144.9849079,-37.7999137
2269429,"April 3, 2022","New York","Buffalo","400  Genesee St",0,4,0,0,0,"N/A","2022",-74.7486309,40.2074294
2269100,"April 3, 2022","Texas","Dallas","5050 Cleveland Rd",1,16,0,0,2,"N/A","2022",-81.7058771034483,30.3641740517241
2269745,"April 3, 2022","California","San Francisco","670 Brunswick St",2,2,0,0,0,"N/A","2022",-122.447046233515,37.70954415
2269082,"April 3, 2022","California","Sacramento","J St",6,11,0,1,3,"N/A","2022",-96.7106048505216,40.80773715
2268723,"April 2, 2022","North Carolina","Shelby","1851 E Dixon Blvd",1,3,0,0,0,"N/A","2022",-81.4961674946512,35.2721987480897
2268762,"April 2, 2022","Louisiana","Monroe","100 Sterlington Rd",1,4,0,1,0,"N/A","2022",-92.08197,32.522871
2269059,"April 2, 2022","Colorado","Colorado Springs","2400  Barkman Dr",0,4,0,0,1,"N/A","2022",-104.747572,38.798523
2269034,"April 2, 2022","Louisiana","Shreveport","2025 Marshall St",1,3,0,0,0,"N/A","2022",-99.2869215,34.151723
2269259,"April 1, 2022","South Carolina","Walterboro","1900 Block of Logan Farm Rd",0,4,0,0,4,"N/A","2022",NA,NA
2264094,"March 26, 2022","California","Hollister","Rustic St",2,3,0,0,1,"N/A","2022",-80.9307809,33.5440872
2265029,"March 26, 2022","Ohio","Cleveland","1437 St Clair Ave NE",0,4,0,0,0,"N/A","2022",-81.6859113624161,41.5062536442953
2263608,"March 25, 2022","Colorado","Colorado Springs","820 Citadel Dr E",2,2,0,0,0,"N/A","2022",-104.758902173735,38.8452379979393
2260129,"March 22, 2022","California","Stockton","1800 West Lane",1,3,0,0,1,"N/A","2022",-84.3004188500915,35.7874146021904
2259262,"March 21, 2022","Connecticut","Waterbury","23 Scovill St",0,4,0,0,1,"N/A","2022",-73.0394971,41.5540415
2259413,"March 21, 2022","Illinois","Chicago","1650 E 79th St",2,2,0,0,1,"N/A","2022",-94.5683599396985,38.9840963567839
2258324,"March 20, 2022","Wisconsin","Milwaukee","2822 W Melvina St",0,4,0,0,0,"N/A","2022",-87.9490969232563,43.08771765
2258156,"March 20, 2022","Texas","Austin","E 6th St",0,4,0,0,0,"N/A","2022",-118.2296333,34.0384885
2258224,"March 20, 2022","Texas","Houston","2955 S Sam Houston Pkwy E",1,3,0,0,0,"N/A","2022",-95.209574,29.604243
2257316,"March 19, 2022","Virginia","Norfolk","320 Granby St",3,2,0,0,0,"N/A","2022",-76.2900858,36.8503721
2258012,"March 19, 2022","North Carolina","Fayetteville","1707 Owen Dr",3,3,0,0,2,"N/A","2022",-78.930203854194,35.030595140959
2257739,"March 19, 2022","Arkansas","Dumas","611 Highway 65 S",1,26,0,0,1,"N/A","2022",-79.0407576,33.8836016
2257674,"March 19, 2022","Virginia","Madison Heights","351 Old Wright Shop Rd",1,4,0,0,0,"N/A","2022",-79.09959,37.431028
2258182,"March 19, 2022","Texas","Dallas","5214 Botham Jean Blvd",1,9,0,0,0,"N/A","2022",-96.790852,32.765467
2256453,"March 18, 2022","Texas","Fort Worth","1600  NW Loraine St",1,3,0,0,0,"N/A","2022",-97.3674727015614,32.79670905
2257778,"March 18, 2022","Louisiana","New Iberia","200  C V Jackson Dr",0,5,0,0,1,"N/A","2022",-91.826496,29.99996
2257132,"March 17, 2022","Michigan","Lansing","2200  E Michigan Ave",0,4,0,0,0,"N/A","2022",-87.883838,42.909306
2256398,"March 17, 2022","Illinois","Chicago","4100  W Monroe St",0,4,0,0,0,"N/A","2022",-85.4327221881618,40.1056197748104
2255816,"March 17, 2022","Florida","Fort Lauderdale","1300 W Broward Blvd",2,2,0,0,1,"N/A","2022",-80.1585179592986,26.1218247864199
2255832,"March 16, 2022","New Jersey","Irvington","800  18th Ave",1,3,0,0,0,"N/A","2022",-111.865529937639,40.7881471
2256080,"March 16, 2022","New Jersey","Irvington","862 18th Ave",1,3,0,0,0,"N/A","2022",28.2153324,-25.7006718
2254579,"March 15, 2022","Alabama","Ozark","1001 US Hwy 231",0,5,0,0,2,"N/A","2022",-86.742089859579,39.3041677030646
2253714,"March 14, 2022","Pennsylvania","Reading","1300  Meade St",1,3,0,0,3,"N/A","2022",-103.642415945915,44.4609664771768
2252873,"March 13, 2022","Illinois","Chicago","7902 S Exchange Ave",0,7,0,0,0,"N/A","2022",-87.5534055,41.7517739
2252500,"March 13, 2022","New York","Rochester","471 State St",2,2,0,0,0,"N/A","2022",-77.621637,43.1630037
2252792,"March 13, 2022","South Carolina","Columbia","810 Pulaski St",1,4,0,0,3,"N/A","2022",-76.0085576120795,43.5158214641003
2252719,"March 12, 2022","Maryland","Baltimore","Gwynn Oak Ave",3,1,0,0,0,"N/A","2022",-76.6945304,39.3335687
2253654,"March 12, 2022","Alabama","Autaugaville","200  N Pickett St",1,3,0,0,2,"N/A","2022",-77.1196846677268,38.81422965
2251416,"March 11, 2022","Ohio","Columbus","1644 E Dublin-Granville Rd",2,2,0,0,0,"N/A","2022",-82.9740519401997,40.0871809875209
2250540,"March 9, 2022","Colorado","Aurora","3300 N Ouray St",1,3,0,1,4,"N/A","2022",-104.792033,39.735359
2250151,"March 8, 2022","Florida","Jacksonville","Duval Station Rd",1,4,0,0,0,"N/A","2022",-81.6137072,30.4859568
2249608,"March 7, 2022","Tennessee","Knoxville","5800  Primus Rd",0,4,0,0,0,"N/A","2022",-83.98196,36.01462
2247617,"March 6, 2022","Minnesota","Minneapolis","2720 Blaisdell Ave",1,3,0,0,0,"N/A","2022",-93.28002227553,44.95300535
2248066,"March 6, 2022","Pennsylvania","Hazleton","182 S  Wyoming St",1,4,0,0,1,"N/A","2022",-112.630474,45.2113146666667
2247842,"March 6, 2022","Kentucky","Louisville","601 E Jefferson St",0,4,0,0,0,"N/A","2022",-116.187469,43.611371
2247828,"March 6, 2022","Texas","Lubbock","1800  Parkway Dr",0,4,0,0,0,"N/A","2022",-149.730537537802,61.20419155
2247622,"March 6, 2022","South Carolina","Chester","Powell Dr",2,3,0,0,1,"N/A","2022",-85.422216,34.846029
2248613,"March 6, 2022","Louisiana","Monroe","1051 Martin Luther King Junior Drive",0,4,0,0,0,"N/A","2022",-77.5271412171099,35.9066884821867
2247747,"March 5, 2022","Arizona","Glendale","4810 W Glendale Ave",1,3,0,0,0,"N/A","2022",-112.162695100379,33.5387265
2247025,"March 5, 2022","Georgia","Atlanta","I-75",0,4,0,0,0,"N/A","2022",-83.623986,41.344583
2246387,"March 3, 2022","Nevada","Las Vegas","4055 S University Center Dr",1,6,0,0,0,"N/A","2022",-81.6025947,30.2817392
2245620,"March 2, 2022","Maryland","Baltimore","Walbrook Ave",1,3,0,0,0,"N/A","2022",153.1315493,-27.6220593
2243861,"February 28, 2022","California","Sacramento","2041 Wyda Way",4,0,1,0,0,"N/A","2022",-121.418807847458,38.6000552033898
2243285,"February 27, 2022","Louisiana","Alexandria","3700  3rd St",0,4,0,0,0,"N/A","2022",-83.0658258935474,42.34577785
2242345,"February 26, 2022","South Carolina","North Charleston","2622 S Allen Dr",1,3,0,0,1,"N/A","2022",-79.9857125049749,32.8498732678238
2242153,"February 26, 2022","Nevada","Las Vegas","953 E Sahara Ave",1,13,0,1,1,"N/A","2022",-115.1405272,36.1430711
2244673,"February 26, 2022","Louisiana","Bogalusa","E 4th St",0,9,0,1,1,"N/A","2022",-73.9860939,40.7247961
2241857,"February 25, 2022","Louisiana","Baton Rouge","6401 Bluebonnet Blvd",2,2,0,0,1,"N/A","2022",-91.0891687,30.388986
2241299,"February 24, 2022","Texas","San Antonio","90 Lanark Dr",0,4,0,0,0,"N/A","2022",-98.415981261581,29.5032206728919
2238575,"February 21, 2022","Minnesota","Saint Paul","488 Humboldt Ave",1,3,0,0,4,"N/A","2022",-93.0850713968254,44.9308474285714
2238165,"February 20, 2022","Iowa","Des Moines","100  Water St",0,4,0,0,0,"N/A","2022",-71.9068409,41.3334433
2238657,"February 20, 2022","Nebraska","Omaha","1817 N 33rd St",0,4,0,0,0,"N/A","2022",-75.1876505714286,39.9846226
2238403,"February 20, 2022","Oregon","Portland","SE Foster Rd",1,3,0,0,0,"N/A","2022",-122.5530448,45.4759868
2238312,"February 20, 2022","Mississippi","Mccomb","Minnesota Ave",1,2,0,1,5,"N/A","2022",-76.9467392,38.8991612
2237697,"February 19, 2022","Oregon","Portland","NE 55th Ave",1,5,0,1,1,"N/A","2022",-122.607594,45.5336599
2237593,"February 19, 2022","Missouri","Charleston","106 S Franklin St",2,14,0,0,2,"N/A","2022",-76.8704282,42.3753431
2237196,"February 19, 2022","California","Turlock","142 S 1st St",0,7,0,0,0,"N/A","2022",-78.431642,42.0757095
2237058,"February 19, 2022","North Carolina","Durham","1400 E Cornwallis Rd",2,2,0,0,3,"N/A","2022",-78.9029994,35.9424304
2236857,"February 18, 2022","Maryland","Temple Hills (Marlow Heights)","4200  28th Ave",2,2,0,0,0,"N/A","2022",-84.4398506522744,39.15399895
2236155,"February 17, 2022","Pennsylvania","Philadelphia","164 W Chelten Ave",0,4,0,0,0,"N/A","2022",-75.178193839087,40.0323102575926
2235778,"February 17, 2022","Texas","Houston","3000 Blodgett St",0,5,0,0,0,"N/A","2022",-95.367249,29.721827
2235366,"February 16, 2022","Florida","Miami","NW 99th St",1,3,0,0,0,"N/A","2022",-80.329631,25.863619
2234868,"February 15, 2022","Illinois","Joliet","700  Francis St",1,3,0,0,0,"N/A","2022",-90.1220337086984,29.89511425
2232854,"February 13, 2022","Wisconsin","Racine","7th St",0,5,1,0,0,"N/A","2022",-75.4759873,40.6113667
2232351,"February 12, 2022","Tennessee","Murfreesboro","1644 Middle Tennessee Blvd",1,4,0,0,1,"N/A","2022",-86.3757037085863,35.8325021455082
2232287,"February 12, 2022","California","West Hollywood","401 N La Cienega Blvd",0,4,0,0,0,"N/A","2022",-118.376671,34.078675
2232476,"February 12, 2022","Arkansas","Little Rock","200  E 7th St",1,3,0,0,1,"N/A","2022",-92.3835927,36.3346539
2231921,"February 11, 2022","Missouri","Springfield","E Kearney St",0,4,0,0,0,"N/A","2022",-93.2349166,37.2392131
2231371,"February 11, 2022","Arizona","Phoenix","5405 W Warner St",1,9,1,0,0,"N/A","2022",-112.175611494209,33.413886
2227759,"February 6, 2022","Florida","Fort Lauderdale","5280 FL-7",0,4,0,0,0,"N/A","2022",-80.2022602048485,26.2951793244384
2228979,"February 6, 2022","Illinois","Romeoville","735 N Center Blvd",0,5,0,0,0,"N/A","2022",-73.9565348,40.747695
2228510,"February 6, 2022","California","Fresno","S Clara Ave",2,2,0,0,1,"N/A","2022",-119.7953332,36.6487402
2228660,"February 6, 2022","North Carolina","Wilmington","200  North 31st St",0,4,0,0,0,"N/A","2022",-77.7227334846825,39.13842715
2227058,"February 5, 2022","Texas","Corsicana","2919 W 2nd Ave",7,0,1,0,0,"N/A","2022",-87.373789,41.607374
2227187,"February 5, 2022","New Mexico","Las Cruces","1900  Gladys Dr",1,3,0,0,0,"N/A","2022",-106.747573,32.296002
2227035,"February 4, 2022","Virginia","Blacksburg","109 N Main St",1,4,0,0,2,"N/A","2022",-88.0424140530951,40.1119799
2225493,"February 2, 2022","California","Oroville","410 Oro Dam Blvd E",1,4,0,0,1,"N/A","2022",NA,NA
2224788,"February 1, 2022","Wisconsin","Milwaukee","1801 W Olive St",0,5,0,0,1,"N/A","2022",-87.9331629030331,43.09234
2224013,"January 31, 2022","North Carolina","Raleigh","3120 New Bern Ave",1,3,0,0,0,"N/A","2022",-78.5862911582147,35.78918315
2222953,"January 30, 2022","Florida","Winter Haven","Buckeye Loop Rd",1,3,0,1,2,"N/A","2022",-81.693914,28.0422544
2223019,"January 30, 2022","Georgia","Augusta","2623 Deans Bridge Rd",1,3,0,0,0,"N/A","2022",-82.021006490232,33.4409370536204
2222557,"January 29, 2022","Missouri","Saint Louis","4900  Cote Brilliante",3,1,0,0,0,"N/A","2022",-90.257137,38.664311
2222383,"January 29, 2022","Georgia","Atlanta","899 Martin Luther King Jr Dr NW",1,3,0,0,0,"N/A","2022",-83.800483,31.189257
2222766,"January 29, 2022","California","Bakersfield","10612 Rosedale Hwy",0,4,0,0,1,"N/A","2022",-119.120663294118,35.3835721176471
2220985,"January 27, 2022","District of Columbia","Washington","4400 Connecticut Ave",1,4,0,0,1,"N/A","2022",-94.497031,37.040292
2217882,"January 23, 2022","California","Inglewood","1300  North Park Ave",4,1,0,0,0,"N/A","2022",-81.3532589,28.610418
2218159,"January 23, 2022","Wisconsin","Milwaukee","2505 N 21st St",6,0,0,0,1,"N/A","2022",-87.9390956708202,43.0643897
2215955,"January 19, 2022","Maryland","Baltimore","E Monument St",3,1,0,0,0,"N/A","2022",-76.6114515,39.2976979
2215256,"January 19, 2022","Louisiana","New Orleans","7800  Keats St",0,4,0,0,0,"N/A","2022",-90.0211339518144,30.0319968
2214013,"January 18, 2022","Florida","Miami","10702 NW 7th Ave",0,4,1,0,0,"N/A","2022",-80.2103939508831,25.8730051
2214306,"January 17, 2022","Texas","San Antonio","400  Spriggsdale Ave",1,4,0,0,1,"N/A","2022",NA,NA
2213456,"January 16, 2022","Georgia","Savannah","1100 Graydon St",1,3,0,0,0,"N/A","2022",-81.079614,32.062609
2212203,"January 15, 2022","Tennessee","Knoxville","2700  Tarleton Ave",0,4,0,0,0,"N/A","2022",-83.888181,35.985262
2212018,"January 15, 2022","Georgia","Brunswick","2717 Glynn Ave",1,5,0,0,2,"N/A","2022",-81.4749133212703,31.1683211302342
2211746,"January 14, 2022","Oregon","Eugene","219 W 8th Ave",0,6,0,0,0,"N/A","2022",-83.0125574491346,39.9919681
2210480,"January 13, 2022","New York","Brooklyn","1014 E 92nd St",1,3,0,0,0,"N/A","2022",-73.9084620456238,40.64413555
2209840,"January 12, 2022","Illinois","Chicago","S King Dr",0,4,0,0,0,"N/A","2022",-87.6135708,41.6999405
2207435,"January 9, 2022","California","Fresno","724 E Olive Ave",0,4,0,0,0,"N/A","2022",-120.449568825,34.633932775
2207931,"January 9, 2022","California","Los Angeles","W 35th St",1,4,1,0,0,"N/A","2022",-81.70712,41.465459
2207469,"January 9, 2022","Alabama","Montgomery","3020 Atlanta Hwy",1,6,0,0,1,"N/A","2022",-83.5394886498863,33.5946743360567
2207406,"January 9, 2022","Colorado","Colorado Springs","1960 Chelton Rd",2,3,0,0,2,"N/A","2022",-104.752369571429,38.80479925
2206813,"January 8, 2022","Texas","Houston","7136 Clarewood Dr",1,3,0,0,0,"N/A","2022",-95.5110068375909,29.709154038893
2205024,"January 4, 2022","Mississippi","Jackson","3207 W Capitol St",1,3,0,0,0,"N/A","2022",-90.2270503949038,32.3218134421253
2202976,"January 2, 2022","Texas","Corsicana","1100  S 29th St",2,2,0,0,1,"N/A","2022",-87.9499737214869,43.0200539
2202727,"January 2, 2022","Texas","San Antonio","427 Montrose",2,2,0,0,0,"N/A","2022",-87.1899085,30.3609995
2202025,"January 1, 2022","Missouri","Columbia","122 S 9th St",0,4,0,0,1,"N/A","2022",-78.4413315,42.076172
2202001,"January 1, 2022","Illinois","Peoria","2000  SW Adams St",2,2,0,0,1,"N/A","2022",-116.2860893,33.7038043
2201629,"January 1, 2022","Pennsylvania","Philadelphia","1600  Cecil B Moore Ave",1,4,0,0,0,"N/A","2022",-75.1585024,39.9785422
2201641,"January 1, 2022","Wisconsin","Kenosha","1708 52nd St",1,3,0,0,0,"N/A","2022",-85.1704012244898,32.8233090204082
2201876,"January 1, 2022","South Carolina","Dillon","3261 Hwy 9",0,5,0,0,0,"N/A","2022",-81.3067443806452,44.093038316129
2201848,"January 1, 2022","Indiana","South Bend","1500  S Miami St",0,4,0,0,0,"N/A","2022",-115.6191618,35.7983711
2201677,"January 1, 2022","Colorado","Denver","1919 Blake St",2,2,0,0,1,"N/A","2022",-104.9954088,39.7538791
